Erling Haaland	35	2958	27	25.39	1.61	126	59	21.43%	0.20
Igor Thiago	38	3284	22	20.58	1.42	84	43	26.19%	0.25
Dominic Calvert-Lewin	35	2726	14	15.81	-1.81	74	34	18.92%	0.21
Ollie Watkins	37	2852	16	15.14	0.86	83	38	19.28%	0.18
João Pedro	35	2674	15	14.96	0.04	73	28	20.55%	0.20
Jean-Philippe Mateta	32	2222	12	14.51	-2.51	63	32	19.05%	0.23
Danny Welbeck	37	2263	13	12.44	0.56	56	28	23.21%	0.22
Viktor Gyökeres	36	2230	14	12.40	1.60	55	22	25.45%	0.23
Bryan Mbeumo	33	2621	11	12.19	-1.19	73	32	15.07%	0.17
Kevin Schade	35	2757	8	12.18	-4.18	57	24	14.04%	0.21
Raúl Jiménez	36	2199	9	11.50	-2.50	74	19	12.16%	0.16
Enzo Fernández	36	3121	10	11.29	-1.29	72	31	13.89%	0.16
Antoine Semenyo	37	3200	17	11.09	5.91	83	41	20.48%	0.13
Ismaïla Sarr	28	2176	9	10.91	-1.91	48	21	18.75%	0.23
Morgan Gibbs-White	37	3110	15	10.84	4.16	83	32	18.07%	0.13
Bruno Fernandes	35	3066	9	10.83	-1.83	85	24	10.59%	0.13
Evanilson	36	2759	6	10.59	-4.59	70	22	8.57%	0.15
Cole Palmer	26	1965	10	10.56	-0.56	64	25	15.62%	0.17
Hugo Ekitiké	28	1810	11	9.87	1.13	65	19	16.92%	0.15
Benjamin Sesko	30	1635	11	9.20	1.80	61	34	18.03%	0.15
Marcus Tavernier	34	2738	7	9.06	-2.06	70	24	10.00%	0.13
Beto	37	1565	9	8.91	0.09	43	17	20.93%	0.21
Anthony Gordon	26	1814	6	8.83	-2.83	48	20	12.50%	0.18
Cody Gakpo	36	2747	7	8.46	-1.46	87	21	8.05%	0.10
Junior Kroupi	33	1683	13	8.35	4.65	52	22	25.00%	0.16
Mohamed Salah	27	2148	7	8.16	-1.16	68	19	10.29%	0.12
Thierno Barry	38	1915	8	8.15	-0.15	38	14	21.05%	0.21
Richarlison	32	1957	11	8.09	2.91	61	26	18.03%	0.13
Zian Flemming	29	1776	11	7.87	3.13	53	21	20.75%	0.15
Dango Ouattara	32	2279	7	7.72	-0.72	56	20	12.50%	0.14
Callum Wilson	32	1243	7	7.66	-0.66	38	16	18.42%	0.20
Bukayo Saka	31	2225	7	7.55	-0.55	71	27	9.86%	0.11
Jarrod Bowen	38	3405	9	7.26	1.74	79	28	11.39%	0.09
Lukas Nmecha	31	1073	6	7.23	-1.23	30	16	20.00%	0.24
Harvey Barnes	37	1961	7	7.07	-0.07	58	21	12.07%	0.12
Matheus Cunha	33	2503	10	7.06	2.94	90	35	11.11%	0.08
Florian Wirtz	33	2388	5	7.02	-2.02	51	18	9.80%	0.14
Morgan Rogers	37	3285	10	6.78	3.22	84	32	11.90%	0.08
Iliman Ndiaye	32	2786	6	6.71	-0.71	43	22	13.95%	0.16
Igor Jesus	37	2314	6	6.64	-0.64	70	21	8.57%	0.09
Nick Woltemade	33	1912	8	6.59	1.41	32	13	25.00%	0.21
Diego Gómez	32	2136	5	6.29	-1.29	42	14	11.90%	0.15
Phil Foden	33	2084	7	6.15	0.85	55	19	12.73%	0.11
Nico O'Reilly	34	2648	5	6.03	-1.03	41	15	12.20%	0.15
Brian Brobbey	31	1931	7	5.94	1.06	36	18	19.44%	0.16
Harry Wilson	36	2691	10	5.83	4.17	78	25	12.82%	0.07
David Brooks	31	1199	1	5.83	-4.83	48	13	2.08%	0.12
Valentín Castellanos	18	1395	6	5.80	0.20	50	22	12.00%	0.12
Tomás Soucek	35	2198	5	5.68	-0.68	26	14	19.23%	0.22
Bruno Guimarães	29	2455	9	5.60	3.40	42	23	21.43%	0.13
Amad Diallo	32	2344	2	5.57	-3.57	53	23	3.77%	0.11
Casemiro	34	2588	9	5.52	3.48	52	18	17.31%	0.11
Leandro Trossard	31	2006	6	5.47	0.53	53	15	11.32%	0.10
Tolu Arokodare	33	1407	3	5.46	-2.46	47	16	6.38%	0.12
Jørgen Strand Larsen	36	2316	4	5.32	-1.32	44	14	9.09%	0.12
Noah Okafor	28	1568	8	5.26	2.74	35	15	22.86%	0.15
Crysencio Summerville	31	2480	5	5.17	-0.17	54	15	9.26%	0.10
Enzo Le Fée	36	2934	5	5.15	-0.15	36	12	13.89%	0.14
Jaidon Anthony	37	2735	8	5.13	2.87	55	23	14.55%	0.09
Eberechi Eze	33	1900	7	5.05	1.95	63	20	11.11%	0.08
Jack Hinshelwood	27	1750	4	4.92	-0.92	37	15	10.81%	0.13
Dominik Szoboszlai	36	3233	6	4.85	1.15	71	23	8.45%	0.07
Emile Smith Rowe	37	1928	3	4.77	-1.77	36	11	8.33%	0.13
Jurriën Timber	30	2457	3	4.77	-1.77	25	7	12.00%	0.19
Wilson Isidor	32	1158	6	4.75	1.25	43	17	13.95%	0.11
Malick Thiaw	35	2964	4	4.72	-0.72	28	14	14.29%	0.17
Pedro Neto	34	2643	5	4.62	0.38	46	13	10.87%	0.10
Brenden Aaronson	37	2465	4	4.55	-0.55	47	17	8.51%	0.10
Yéremy Pino	34	2091	2	4.51	-2.51	45	11	4.44%	0.10
Liam Delap	28	1102	1	4.47	-3.47	36	11	2.78%	0.12
Tijjani Reijnders	28	1636	5	4.45	0.55	49	16	10.20%	0.09
Kiernan Dewsbury-Hall	31	2635	8	4.31	3.69	39	15	20.51%	0.11
Chris Wood	15	906	3	4.25	-1.25	23	9	13.04%	0.18
Rayan Cherki	33	1786	4	4.13	-0.13	55	13	7.27%	0.08
Marc Guéhi	35	3150	3	4.12	-1.12	32	9	9.38%	0.13
Kaoru Mitoma	25	1721	3	4.06	-1.06	32	13	9.38%	0.13
Gabriel Martinelli	30	1073	1	3.99	-2.99	29	13	3.45%	0.14
Alexis Mac Allister	37	2662	2	3.89	-1.89	52	12	3.85%	0.07
Alex Scott	37	2859	3	3.81	-0.81	44	13	6.82%	0.09
Yankuba Minteh	34	2398	3	3.80	-0.80	41	11	7.32%	0.09
Virgil van Dijk	38	3420	6	3.77	2.23	30	14	20.00%	0.13
Alejandro Garnacho	24	1268	1	3.45	-2.45	33	7	3.03%	0.10
Emiliano Buendía	36	1759	6	3.42	2.58	49	13	12.24%	0.07
Habib Diarra	20	1407	2	3.41	-1.41	26	8	7.69%	0.13
Mikel Merino	22	1027	4	3.38	0.62	22	8	18.18%	0.15
Riccardo Calafiori	26	1707	1	3.34	-2.34	32	8	3.12%	0.10
Rodrigo Muniz	21	997	1	3.34	-2.34	32	5	3.12%	0.10
Jan Paul van Hecke	36	3211	3	3.30	-0.30	23	10	13.04%	0.14
Lyle Foster	26	1372	3	3.25	-0.25	20	6	15.00%	0.16
Jhon Arias	23	1121	1	3.25	-2.25	16	3	6.25%	0.20
Declan Rice	36	3099	4	3.17	0.83	40	13	10.00%	0.08
Jacob Murphy	33	1618	3	3.15	-0.15	42	13	7.14%	0.07
Sepp van den Berg	32	2761	0	3.13	-3.13	23	7	0.00%	0.14
Xavi Simons	28	1757	2	3.08	-1.08	42	10	4.76%	0.07
Keane Lewis-Potter	36	1968	3	3.04	-0.04	31	9	9.68%	0.10
Georginio Rutter	32	1790	3	3.02	-0.02	42	14	7.14%	0.07
Pascal Struijk	34	2937	0	3.02	-3.02	31	5	0.00%	0.10
John McGinn	30	2157	5	2.96	2.04	28	12	17.86%	0.11
Gabriel Magalhães	32	2751	3	2.93	0.07	27	7	11.11%	0.11
Anton Stach	29	2378	5	2.92	2.08	55	14	9.09%	0.05
Rayan	15	1119	5	2.91	2.09	28	8	17.86%	0.10
James Tarkowski	37	3330	2	2.91	-0.91	21	10	9.52%	0.14
Elliot Anderson	38	3334	4	2.90	1.10	44	10	9.09%	0.07
Martín Zubimendi	38	3001	5	2.85	2.15	27	9	18.52%	0.11
Lucas Paquetá	18	1521	4	2.82	1.18	23	11	17.39%	0.12
Callum Hudson-Odoi	30	1844	3	2.80	0.20	30	10	10.00%	0.09
Curtis Jones	34	1929	1	2.77	-1.77	23	7	4.35%	0.12
Adam Armstrong	14	1146	2	2.74	-0.74	18	6	11.11%	0.15
Jérémy Doku	30	1784	5	2.73	2.27	39	15	12.82%	0.07
Yasin Ayari	29	1924	3	2.71	0.29	41	10	7.32%	0.07
João Palhinha	33	2197	5	2.70	2.30	33	9	15.15%	0.08
Mikkel Damsgaard	33	2057	4	2.62	1.38	29	11	13.79%	0.09
Amine Adli	31	1082	3	2.60	0.40	20	9	15.00%	0.13
Bernardo Silva	38	2886	2	2.56	-0.56	30	7	6.67%	0.09
Konstantinos Mavropanos	31	2528	3	2.55	0.45	23	8	13.04%	0.11
Micky van de Ven	35	3043	4	2.53	1.47	16	6	25.00%	0.16
Yerson Mosquera	27	2142	0	2.52	-2.52	30	6	0.00%	0.08
Lesley Ugochukwu	35	2350	3	2.50	0.50	23	8	13.04%	0.11
Ethan Ampadu	35	3123	1	2.50	-1.50	26	6	3.85%	0.10
Josh King	32	1304	1	2.47	-1.47	26	11	3.85%	0.09
Dan Ballard	29	2148	2	2.46	-0.46	26	9	7.69%	0.09
Daniel Muñoz	29	2403	4	2.44	1.56	27	13	14.81%	0.09
Mathys Tel	31	1342	4	2.44	1.56	35	8	11.43%	0.07
Brennan Johnson	34	1722	2	2.43	-0.43	23	5	8.70%	0.11
Dominic Solanke	15	1000	3	2.43	0.57	20	11	15.00%	0.12
Josko Gvardiol	18	1374	2	2.40	-0.40	17	6	11.76%	0.14
Hwang Hee-Chan	26	1452	2	2.39	-0.39	19	6	10.53%	0.13
Joelinton	27	1953	2	2.39	-0.39	32	11	6.25%	0.07
Maxence Lacroix	35	3087	1	2.38	-1.38	24	7	4.17%	0.10
Chris Richards	33	2826	1	2.36	-1.36	15	2	6.67%	0.16
Patrick Dorgu	26	1445	4	2.35	1.65	26	12	15.38%	0.09
Marc Cucurella	34	2710	1	2.35	-1.35	20	6	5.00%	0.12
Justin Kluivert	20	951	2	2.32	-0.32	17	4	11.76%	0.14
Santiago Bueno	29	2553	3	2.28	0.72	10	7	30.00%	0.23
Nathan Collins	35	2972	1	2.28	-1.28	20	6	5.00%	0.11
Mathias Jensen	36	2252	3	2.27	0.73	29	8	10.34%	0.08
Sasa Lukic	26	1734	1	2.26	-1.26	18	6	5.56%	0.13
Ladislav Krejcí	28	2361	2	2.22	-0.22	21	10	9.52%	0.11
Randal Kolo Muani	30	1670	1	2.18	-1.18	20	4	5.00%	0.11
Michael Keane	33	2590	3	2.16	0.84	26	7	11.54%	0.08
Rodrigo Gomes	22	960	3	2.15	0.85	20	6	15.00%	0.11
Trai Hume	38	3037	2	2.15	-0.15	34	7	5.88%	0.06
Jack Grealish	20	1631	2	2.15	-0.15	26	8	7.69%	0.08
Chemsdine Talbi	28	1561	4	2.13	1.87	25	10	16.00%	0.09
Jayden Bogle	34	2802	1	2.11	-1.11	18	4	5.56%	0.12
Samuel Chukwueze	23	1075	3	2.07	0.93	25	7	12.00%	0.08
Ferdi Kadioglu	37	3134	1	2.03	-1.03	28	13	3.57%	0.07
James Garner	38	3414	2	2.03	-0.03	45	14	4.44%	0.05
Mateus Mané	27	1790	3	2.01	0.99	42	17	7.14%	0.05
Andrey Santos	27	1255	1	2.00	-1.00	11	2	9.09%	0.18
Mateus Fernandes	36	3024	3	2.00	1.00	28	8	10.71%	0.07
Diogo Dalot	34	2616	1	2.00	-1.00	24	6	4.17%	0.08
Idrissa Gueye	25	2101	2	2.00	0.00	29	7	6.90%	0.07
Neco Williams	37	3206	2	1.97	0.03	46	19	4.35%	0.04
Wilson Odobert	24	980	0	1.96	-1.96	22	8	0.00%	0.09
Omari Hutchinson	31	1684	1	1.94	-0.94	25	11	4.00%	0.08
Mats Wieffer	26	1908	2	1.93	0.07	18	6	11.11%	0.11
Mohammed Kudus	19	1545	2	1.93	0.07	26	9	7.69%	0.07
Alex Iwobi	29	2434	4	1.92	2.08	39	15	10.26%	0.05
Ryan Christie	26	986	2	1.92	0.08	25	8	8.00%	0.08
Ryan Gravenberch	36	2996	5	1.90	3.10	38	13	13.16%	0.05
Nordi Mukiele	32	2787	3	1.88	1.12	26	4	11.54%	0.07
Maxim De Cuyper	30	1414	2	1.82	0.18	13	6	15.38%	0.14
Jefferson Lerma	31	1724	0	1.82	-1.82	19	7	0.00%	0.10
Sven Botman	25	1838	1	1.74	-0.74	15	4	6.67%	0.12
Jake O'Brien	37	3124	1	1.74	-0.74	13	6	7.69%	0.13
Sandro Tonali	35	2543	0	1.74	-1.74	37	8	0.00%	0.05
Calvin Bassey	30	2532	1	1.72	-0.72	13	2	7.69%	0.13
Pape Matar Sarr	26	1391	2	1.72	0.28	17	6	11.76%	0.10
Lewis Dunk	33	2837	1	1.71	-0.71	24	3	4.17%	0.07
Amadou Onana	25	1764	2	1.71	0.29	19	7	10.53%	0.09
Anthony Elanga	32	1313	0	1.67	-1.67	17	4	0.00%	0.10
James Justin	29	1896	2	1.67	0.33	24	6	8.33%	0.07
Daichi Kamada	28	1908	0	1.65	-1.65	19	4	0.00%	0.09
Omar Alderete	33	2802	1	1.64	-0.64	24	9	4.17%	0.07
Tyrick Mitchell	38	3253	1	1.61	-0.61	19	7	5.26%	0.08
Ryan Sessegnon	27	1822	3	1.61	1.39	16	4	18.75%	0.10
Ao Tanaka	28	1314	2	1.61	0.39	17	5	11.76%	0.09
Milos Kerkez	34	2260	2	1.59	0.41	9	2	22.22%	0.18
Evann Guessand	21	916	1	1.56	-0.56	11	6	9.09%	0.14
Malo Gusto	34	2267	2	1.56	0.44	12	6	16.67%	0.13
Sander Berge	35	2911	0	1.54	-1.54	15	3	0.00%	0.10
Adam Wharton	34	2562	1	1.52	-0.52	32	6	3.12%	0.05
Marcos Senesi	37	3290	0	1.52	-1.52	17	5	0.00%	0.09
Mason Mount	23	1018	3	1.50	1.50	19	5	15.79%	0.08
Marcus Edwards	23	1064	1	1.49	-0.49	23	6	4.35%	0.06
Jaydee Canvot	20	1334	0	1.48	-1.48	7	1	0.00%	0.21
Oscar Bobb	23	1037	0	1.48	-1.48	12	3	0.00%	0.12
Archie Gray	24	1479	2	1.48	0.52	11	5	18.18%	0.13
Joachim Andersen	33	2877	0	1.48	-1.48	16	4	0.00%	0.09
Nicolás Domínguez	27	1175	1	1.47	-0.47	18	5	5.56%	0.08
Matthijs de Ligt	13	1170	1	1.46	-0.46	11	3	9.09%	0.13
Pascal Groß	19	1636	1	1.45	-0.45	18	9	5.56%	0.08
Moisés Caicedo	33	2802	3	1.44	1.56	27	7	11.11%	0.05
Trevoh Chalobah	34	2782	3	1.43	1.57	16	5	18.75%	0.09
Timothy Castagne	30	1842	0	1.42	-1.42	14	6	0.00%	0.10
Noah Sadiki	33	2894	0	1.41	-1.41	18	5	0.00%	0.08
Joe Rodon	35	2953	2	1.41	0.59	18	7	11.11%	0.08
Lucas Bergvall	23	966	1	1.40	-0.40	12	5	8.33%	0.12
Leny Yoro	32	1739	0	1.39	-1.39	9	3	0.00%	0.15
Dwight McNeil	22	1168	0	1.39	-1.39	24	5	0.00%	0.06
Jacob Bruun Larsen	28	1023	0	1.38	-1.38	17	4	0.00%	0.08
Tyrone Mings	17	1323	0	1.37	-1.37	9	1	0.00%	0.15
Adrien Truffert	38	3380	1	1.36	-0.36	16	6	6.25%	0.09
Lewis Miley	23	1493	1	1.34	-0.34	12	4	8.33%	0.11
Nicolò Savona	14	1026	2	1.34	0.66	5	3	40.00%	0.27
Morato	21	1342	1	1.32	-0.32	5	2	20.00%	0.26
Cristian Romero	23	1872	4	1.31	2.69	17	6	23.53%	0.08
Ian Maatsen	30	1599	0	1.30	-1.30	20	5	0.00%	0.06
João Gomes	35	2833	1	1.28	-0.28	19	7	5.26%	0.07
Pau Torres	21	1676	0	1.27	-1.27	9	1	0.00%	0.14
Joe Willock	24	980	0	1.26	-1.26	17	6	0.00%	0.07
Loum Tchaouna	29	1270	2	1.25	0.75	23	9	8.70%	0.05
Sean Longstaff	23	1006	2	1.25	0.75	16	4	12.50%	0.08
Ezri Konsa	34	3036	0	1.25	-1.25	11	2	0.00%	0.11
Martin Ødegaard	24	1370	1	1.23	-0.23	22	8	4.55%	0.06
Noni Madueke	26	1217	3	1.22	1.78	26	10	11.54%	0.05
Ibrahima Konaté	36	3100	1	1.21	-0.21	12	4	8.33%	0.10
Kevin	26	1037	1	1.20	-0.20	25	10	4.00%	0.05
Yehor Yarmoliuk	37	2665	1	1.20	-0.20	16	4	6.25%	0.08
Jacob Ramsey	28	1444	2	1.19	0.81	16	4	12.50%	0.07
Matty Cash	35	3020	3	1.19	1.81	30	10	10.00%	0.04
Michael Kayode	37	3264	1	1.18	-0.18	9	3	11.11%	0.13
Youri Tielemans	25	1862	0	1.17	-1.17	24	7	0.00%	0.05
Ibrahim Sangaré	28	2080	2	1.15	0.85	16	5	12.50%	0.07
Lutsharel Geertruida	28	1685	0	1.15	-1.15	11	3	0.00%	0.10
Kyle Walker-Peters	23	1380	1	1.13	-0.13	5	3	20.00%	0.23
Rodri	21	1513	1	1.13	-0.13	16	3	6.25%	0.07
Álex Jiménez	31	2323	1	1.13	-0.13	21	4	4.76%	0.05
Harry Maguire	23	1655	1	1.11	-0.11	14	4	7.14%	0.08
Joël Veltman	24	1050	1	1.11	-0.11	4	1	25.00%	0.28
Andy Robertson	24	1172	1	1.10	-0.10	10	3	10.00%	0.11
Gabriel Gudmundsson	32	2637	0	1.10	-1.10	18	3	0.00%	0.06
Will Hughes	31	1568	0	1.09	-1.09	17	0	0.00%	0.06
Antonee Robinson	22	1492	1	1.07	-0.07	6	1	16.67%	0.18
Conor Gallagher	16	1190	1	1.07	-0.07	11	4	9.09%	0.10
Dan Burn	29	2199	1	1.06	-0.06	10	3	10.00%	0.11
Dan Ndoye	24	1176	1	1.06	-0.06	15	4	6.67%	0.07
Pedro Porro	34	2798	1	1.05	-0.05	32	8	3.12%	0.03
Reece James	29	1961	2	1.04	0.96	22	7	9.09%	0.05
Granit Xhaka	34	2903	1	1.02	-0.02	21	5	4.76%	0.05
Axel Disasi	14	1255	0	1.02	-1.02	5	3	0.00%	0.20
Lewis Hall	30	2179	1	1.01	-0.01	25	6	4.00%	0.04
Jean-Ricner Bellegarde	26	1251	1	0.99	0.01	21	7	4.76%	0.05
Fabian Schär	16	1091	0	0.98	-0.98	17	4	0.00%	0.06
Kenny Tete	22	1794	1	0.96	0.04	16	3	6.25%	0.06
Vitaly Janelt	25	1437	1	0.91	0.09	12	3	8.33%	0.08
Djed Spence	30	2056	0	0.90	-0.90	13	8	0.00%	0.07
Josh Cullen	18	1519	2	0.90	1.10	11	6	18.18%	0.08
Hannibal Mejbri	27	1231	1	0.89	0.11	19	5	5.26%	0.05
James Hill	29	2104	0	0.89	-0.89	12	2	0.00%	0.07
Jaka Bijol	25	1893	1	0.88	0.12	15	6	6.67%	0.06
Hugo Bueno	35	2364	1	0.86	0.14	16	6	6.25%	0.05
William Saliba	31	2615	1	0.86	0.14	5	1	20.00%	0.17
Josh Laurent	33	1759	1	0.85	0.15	14	4	7.14%	0.06
Nikola Milenkovic	38	3375	0	0.84	-0.84	16	1	0.00%	0.05
Kristoffer Ajer	27	1807	0	0.78	-0.78	10	3	0.00%	0.08
Carlos Baleba	31	1662	0	0.75	-0.75	20	2	0.00%	0.04
Rodrigo Bentancur	26	1892	1	0.74	0.26	13	3	7.69%	0.06
Murillo	25	2133	1	0.74	0.26	11	4	9.09%	0.07
Lucas Digne	31	1852	0	0.72	-0.72	14	5	0.00%	0.05
Wesley Fofana	25	1726	0	0.72	-0.72	8	1	0.00%	0.09
Maxime Estève	34	2937	0	0.72	-0.72	10	1	0.00%	0.07
Luke Shaw	38	3231	1	0.71	0.29	10	3	10.00%	0.07
Nico González	25	1567	1	0.70	0.30	14	2	7.14%	0.05
Abdukodir Khusanov	21	1429	0	0.68	-0.68	7	1	0.00%	0.10
Florentino	31	2112	0	0.66	-0.66	13	2	0.00%	0.05
Axel Tuanzebe	14	1202	1	0.61	0.39	2	1	50.00%	0.30
Tyler Adams	25	1778	2	0.60	1.40	10	6	20.00%	0.06
Tim Iroegbunam	29	1485	0	0.60	-0.60	12	1	0.00%	0.05
Rayan Aït-Nouri	17	976	0	0.59	-0.59	10	2	0.00%	0.06
Kevin Danso	24	1491	0	0.59	-0.59	11	2	0.00%	0.05
Lucas Pires	20	1406	0	0.58	-0.58	16	4	0.00%	0.04
Maximilian Kilman	21	1559	0	0.57	-0.57	7	1	0.00%	0.08
El Hadji Malick Diouf	32	2711	0	0.57	-0.57	18	4	0.00%	0.03
Rúben Dias	26	2140	2	0.56	1.44	10	4	20.00%	0.06
Emmanuel Agbadou	14	1101	0	0.56	-0.56	10	3	0.00%	0.06
Toti Gomes	19	1427	0	0.53	-0.53	5	2	0.00%	0.11
Douglas Luiz	21	923	1	0.53	0.47	11	5	9.09%	0.05
André	35	2766	1	0.52	0.48	15	1	6.67%	0.03
Jeremie Frimpong	21	1039	0	0.51	-0.51	10	2	0.00%	0.05
Boubacar Kamara	18	1418	1	0.49	0.51	7	4	14.29%	0.07
Kobbie Mainoo	28	1653	1	0.48	0.52	13	3	7.69%	0.04
Ilia Gruev	23	1322	0	0.47	-0.47	7	1	0.00%	0.07
Soungoutou Magassa	22	979	1	0.44	0.56	7	2	14.29%	0.06
Bashir Humphreys	20	1578	0	0.42	-0.42	9	3	0.00%	0.05
Ola Aina	18	1590	0	0.40	-0.40	12	1	0.00%	0.03
Piero Hincapié	25	1792	1	0.36	0.64	3	2	33.33%	0.12
Ayden Heaven	17	923	0	0.35	-0.35	3	0	0.00%	0.12
Matheus Nunes	34	2865	1	0.35	0.65	7	2	14.29%	0.05
Quilindschy Hartman	21	1830	0	0.34	-0.34	9	3	0.00%	0.04
Jackson Tchatchoua	31	1837	0	0.33	-0.33	2	1	0.00%	0.17
Jordan Henderson	32	1922	1	0.33	0.67	6	1	16.67%	0.06
Jorrel Hato	22	1142	0	0.31	-0.31	4	0	0.00%	0.08
Vitalii Mykolenko	33	2960	0	0.29	-0.29	9	2	0.00%	0.03
Victor Lindelöf	17	944	0	0.28	-0.28	3	0	0.00%	0.09
Hjalmar Ekdal	19	1539	0	0.26	-0.26	6	1	0.00%	0.04
Jean-Clair Todibo	23	1817	0	0.24	-0.24	2	0	0.00%	0.12
Conor Bradley	15	932	0	0.24	-0.24	6	0	0.00%	0.04
James Ward-Prowse	18	1096	0	0.22	-0.22	5	2	0.00%	0.04
Freddie Potts	22	1167	0	0.21	-0.21	3	1	0.00%	0.07
Noussair Mazraoui	20	984	0	0.19	-0.19	5	0	0.00%	0.04
Destiny Udogie	20	1340	0	0.19	-0.19	4	1	0.00%	0.05
Reinildo Mandava	25	1969	0	0.18	-0.18	4	0	0.00%	0.04
Rico Henry	25	1328	0	0.18	-0.18	5	0	0.00%	0.04
Kyle Walker	36	3097	0	0.16	-0.16	4	0	0.00%	0.04
Lisandro Martínez	18	1231	0	0.15	-0.15	5	0	0.00%	0.03
Tino Livramento	17	1328	0	0.14	-0.14	3	0	0.00%	0.05
David Møller Wolfe	22	1049	0	0.12	-0.12	3	0	0.00%	0.04
Cristhian Mosquera	20	989	0	0.10	-0.10	1	0	0.00%	0.10
Kieran Trippier	21	1592	0	0.08	-0.08	2	0	0.00%	0.04
Jorge Cuenca	15	938	0	0.05	-0.05	1	0	0.00%	0.05
Bafodé Diakité	18	1275	0	0.02	-0.02	1	0	0.00%	0.02
Lamare Bogarde	28	1047	0	0.00	0.00	0	0	0.00%	0.00
Adam Smith	22	1076	0	0.00	0.00	0	0	0.00%	0.00
Aaron Wan-Bissaka	25	2084	0	0.00	0.00	0	0	0.00%	0.00
